{
  "num_test_samples": 908,
  "mean_chamfer": 0.005439725238829851,
  "median_chamfer": 0.004886304959654808,
  "p90_chamfer": 0.008829563856124878,
  "raw_classifier_acc": 0.9129955947136564,
  "recon_classifier_acc": 0.9063876651982379,
  "latent_norm_mean": 0.7352814674377441,
  "latent_norm_std": 0.12142948806285858,
  "latent_norm_min": 0.47559159994125366,
  "latent_norm_max": 1.14225172996521,
  "latent_dim_min": -0.34731578826904297,
  "latent_dim_max": 0.40244176983833313,
  "per_class": {
    "bathtub": {
      "count": 50,
      "mean_chamfer": 0.00580797519069165,
      "raw_acc": 0.8,
      "recon_acc": 0.86
    },
    "bed": {
      "count": 100,
      "mean_chamfer": 0.004910266592632979,
      "raw_acc": 0.99,
      "recon_acc": 0.99
    },
    "chair": {
      "count": 100,
      "mean_chamfer": 0.0050173379434272644,
      "raw_acc": 1.0,
      "recon_acc": 1.0
    },
    "desk": {
      "count": 86,
      "mean_chamfer": 0.007255365609104724,
      "raw_acc": 0.7906976744186046,
      "recon_acc": 0.7674418604651163
    },
    "dresser": {
      "count": 86,
      "mean_chamfer": 0.0055430478031941975,
      "raw_acc": 0.8953488372093024,
      "recon_acc": 0.8837209302325582
    },
    "monitor": {
      "count": 100,
      "mean_chamfer": 0.0052014661300927405,
      "raw_acc": 0.98,
      "recon_acc": 0.98
    },
    "night_stand": {
      "count": 86,
      "mean_chamfer": 0.006863736680189018,
      "raw_acc": 0.7906976744186046,
      "recon_acc": 0.8023255813953488
    },
    "sofa": {
      "count": 100,
      "mean_chamfer": 0.005270271287299693,
      "raw_acc": 0.97,
      "recon_acc": 0.95
    },
    "table": {
      "count": 100,
      "mean_chamfer": 0.003393402100773528,
      "raw_acc": 0.85,
      "recon_acc": 0.8
    },
    "toilet": {
      "count": 100,
      "mean_chamfer": 0.005786526862066239,
      "raw_acc": 0.97,
      "recon_acc": 0.97
    }
  }
}