{
  "num_samples": 908,
  "mean_endpoint_chamfer": 0.023994838818907738,
  "median_endpoint_chamfer": 0.01318746991455555,
  "mean_trajectory_chamfer": 0.010358297266066074,
  "median_trajectory_chamfer": 0.008342999033629894,
  "mean_identity_endpoint_chamfer": 0.01927957497537136,
  "median_identity_endpoint_chamfer": 0.018057584762573242,
  "mean_oracle_endpoint_chamfer": 0.008411690592765808,
  "median_oracle_endpoint_chamfer": 0.007605229504406452,
  "mean_latent_endpoint_l2": 0.3367002606391907,
  "median_latent_endpoint_l2": 0.3227929174900055,
  "mean_mean_velocity_cosine": 0.9382556676864624,
  "median_mean_velocity_cosine": 0.9464227557182312,
  "mean_positive_velocity_cosine_rate": 1.0,
  "median_positive_velocity_cosine_rate": 1.0,
  "mean_velocity_mse": 1.2862959920312278e-05,
  "median_velocity_mse": 1.1813774108304642e-05,
  "improvement_over_identity_rate": 0.9933920502662659,
  "mean_identity_to_flow_ratio": 1.3372251987457275,
  "mean_flow_to_oracle_ratio": 2.4925155639648438,
  "tag": "hj",
  "transform": "scale_x",
  "step_size": 1.0
}