{
  "num_samples": 908,
  "mean_endpoint_chamfer": 0.030024565756320953,
  "median_endpoint_chamfer": 0.013089809566736221,
  "mean_trajectory_chamfer": 0.011426480486989021,
  "median_trajectory_chamfer": 0.008287434466183186,
  "mean_identity_endpoint_chamfer": 0.01927957497537136,
  "median_identity_endpoint_chamfer": 0.018057584762573242,
  "mean_oracle_endpoint_chamfer": 0.008411690592765808,
  "median_oracle_endpoint_chamfer": 0.007605229504406452,
  "mean_latent_endpoint_l2": 0.34434133768081665,
  "median_latent_endpoint_l2": 0.3198989927768707,
  "mean_mean_velocity_cosine": 0.9380769729614258,
  "median_mean_velocity_cosine": 0.9467236995697021,
  "mean_positive_velocity_cosine_rate": 1.0,
  "median_positive_velocity_cosine_rate": 1.0,
  "mean_velocity_mse": 1.3082266377750784e-05,
  "median_velocity_mse": 1.1725593139999546e-05,
  "improvement_over_identity_rate": 0.9878854751586914,
  "mean_identity_to_flow_ratio": 1.3473334312438965,
  "mean_flow_to_oracle_ratio": 2.9176406860351562,
  "tag": "none",
  "transform": "scale_x",
  "step_size": 1.0
}