{
  "num_samples": 908,
  "mean_endpoint_chamfer": 0.028478791937232018,
  "median_endpoint_chamfer": 0.013387324288487434,
  "mean_trajectory_chamfer": 0.011304718442261219,
  "median_trajectory_chamfer": 0.008401934057474136,
  "mean_identity_endpoint_chamfer": 0.01927957497537136,
  "median_identity_endpoint_chamfer": 0.018057584762573242,
  "mean_oracle_endpoint_chamfer": 0.008411690592765808,
  "median_oracle_endpoint_chamfer": 0.007605229504406452,
  "mean_latent_endpoint_l2": 0.3470452129840851,
  "median_latent_endpoint_l2": 0.32502463459968567,
  "mean_mean_velocity_cosine": 0.938349187374115,
  "median_mean_velocity_cosine": 0.9465881586074829,
  "mean_positive_velocity_cosine_rate": 1.0,
  "median_positive_velocity_cosine_rate": 1.0,
  "mean_velocity_mse": 1.3483439033734612e-05,
  "median_velocity_mse": 1.2106528629374225e-05,
  "improvement_over_identity_rate": 0.9867841601371765,
  "mean_identity_to_flow_ratio": 1.3199301958084106,
  "mean_flow_to_oracle_ratio": 2.8467495441436768,
  "tag": "wave",
  "transform": "scale_x",
  "step_size": 1.0
}