{
  "num_samples": 908,
  "mean_endpoint_chamfer": 0.04429798200726509,
  "median_endpoint_chamfer": 0.040380071848630905,
  "mean_trajectory_chamfer": 0.02591792866587639,
  "median_trajectory_chamfer": 0.02464880421757698,
  "mean_identity_endpoint_chamfer": 0.08312661200761795,
  "median_identity_endpoint_chamfer": 0.07283850014209747,
  "mean_oracle_endpoint_chamfer": 0.017675349488854408,
  "median_oracle_endpoint_chamfer": 0.013286950066685677,
  "mean_latent_endpoint_l2": 0.632789671421051,
  "median_latent_endpoint_l2": 0.6102352142333984,
  "mean_mean_velocity_cosine": 0.754725992679596,
  "median_mean_velocity_cosine": 0.7928844690322876,
  "mean_positive_velocity_cosine_rate": 0.993529736995697,
  "median_positive_velocity_cosine_rate": 1.0,
  "mean_velocity_mse": 0.00027241004863753915,
  "median_velocity_mse": 0.0002301297354279086,
  "improvement_over_identity_rate": 0.9757709503173828,
  "mean_identity_to_flow_ratio": 1.81999933719635,
  "mean_flow_to_oracle_ratio": 3.5048723220825195,
  "tag": "hj",
  "transform": "yaw",
  "step_size": 1.0
}