{
  "num_samples": 908,
  "mean_endpoint_chamfer": 0.03592674061655998,
  "median_endpoint_chamfer": 0.03310322389006615,
  "mean_trajectory_chamfer": 0.023599348962306976,
  "median_trajectory_chamfer": 0.022314511239528656,
  "mean_identity_endpoint_chamfer": 0.08312661200761795,
  "median_identity_endpoint_chamfer": 0.07283850014209747,
  "mean_oracle_endpoint_chamfer": 0.017675349488854408,
  "median_oracle_endpoint_chamfer": 0.013286950066685677,
  "mean_latent_endpoint_l2": 0.5537469983100891,
  "median_latent_endpoint_l2": 0.5255611538887024,
  "mean_mean_velocity_cosine": 0.7494375109672546,
  "median_mean_velocity_cosine": 0.7853636145591736,
  "mean_positive_velocity_cosine_rate": 0.9929790496826172,
  "median_positive_velocity_cosine_rate": 1.0,
  "mean_velocity_mse": 0.00024842482525855303,
  "median_velocity_mse": 0.00020014186156913638,
  "improvement_over_identity_rate": 0.9680616855621338,
  "mean_identity_to_flow_ratio": 2.348560333251953,
  "mean_flow_to_oracle_ratio": 2.7101852893829346,
  "tag": "none",
  "transform": "yaw",
  "step_size": 1.0
}