{
  "num_samples": 908,
  "mean_endpoint_chamfer": 0.07379353791475296,
  "median_endpoint_chamfer": 0.06509137153625488,
  "mean_trajectory_chamfer": 0.03856717795133591,
  "median_trajectory_chamfer": 0.035111598670482635,
  "mean_identity_endpoint_chamfer": 0.08312661200761795,
  "median_identity_endpoint_chamfer": 0.07283850014209747,
  "mean_oracle_endpoint_chamfer": 0.017675349488854408,
  "median_oracle_endpoint_chamfer": 0.013286950066685677,
  "mean_latent_endpoint_l2": 0.8418321013450623,
  "median_latent_endpoint_l2": 0.8316681385040283,
  "mean_mean_velocity_cosine": 0.7624804973602295,
  "median_mean_velocity_cosine": 0.8011332154273987,
  "mean_positive_velocity_cosine_rate": 0.9925661087036133,
  "median_positive_velocity_cosine_rate": 1.0,
  "mean_velocity_mse": 0.0004091501177754253,
  "median_velocity_mse": 0.0003719762898981571,
  "improvement_over_identity_rate": 0.9702643156051636,
  "mean_identity_to_flow_ratio": 1.115738034248352,
  "mean_flow_to_oracle_ratio": 6.295150279998779,
  "tag": "wave",
  "transform": "yaw",
  "step_size": 1.0
}