{
  "tag": "class_gradient",
  "method": "class_gradient",
  "target_class": 8,
  "source_class": null,
  "include_target_samples": false,
  "num_samples": 808,
  "initial_target_success_rate": 0.013613861054182053,
  "target_success_rate": 0.5792078971862793,
  "new_success_rate": 0.5655940771102905,
  "mean_margin_delta": 21.9536075592041,
  "median_margin_delta": 18.845853805541992,
  "positive_margin_delta_rate": 0.9950494766235352,
  "mean_target_prob_delta": 0.5621665120124817,
  "positive_target_prob_delta_rate": 0.9962871074676514,
  "mean_decoded_path_length": 0.019869733601808548
}